{
  "name": "dwv",
  "description": "DICOM Web Viewer.",
  "keywords": [
    "DICOM",
    "medical",
    "imaging"
  ],
  "license": "GPL-3.0",
  "authors": [
    "ivmartel <ivmartel@gmail.com>"
  ],
  "homepage": "https://ivmartel.github.io/dwv/",
  "repository": {
    "type": "git",
    "url": "git://github.com/ivmartel/dwv.git"
  },
  "main": "dist/dwv.js",
  "dependencies": {
    "modernizr": "~3.5.0",
    "i18next": "~9.0.0",
    "i18next-xhr-backend": "~1.4.1",
    "i18next-browser-languagedetector": "~2.0.0",
    "jszip": "~3.1.3",
    "konva": "~1.6.8"
  },
  "devDependencies": {
    "qunit": "~2.3.0"
  },
  "moduleType": [
    "amd",
    "globals",
    "node"
  ],
  "ignore": [
    "**/.*",
    "css",
    "ext",
    "resources/conquest",
    "resources/doc",
    "resources/module",
    "resources/scripts",
    "src",
    "tests",
    "viewers",
    "eclipse.epf",
    "Gruntfile.js",
    "manifest.json",
    "package.json"
  ],
  "version": "0.21.0",
  "_release": "0.21.0",
  "_resolution": {
    "type": "version",
    "tag": "v0.21.0",
    "commit": "7e5f4fe0b17340085d8065780aa0fd1c8c4b221e"
  },
  "_source": "https://github.com/ivmartel/dwv.git",
  "_target": "v0.21.0",
  "_originalSource": "dwv"
}